1,1871,12.46
2,1871,12.84
3,1871,13.04
4,1871,12.56
5,1871,12.27
6,1871,12.08
7,1871,12.08
8,1871,11.89
9,1871,12.18
10,1871,12.37
11,1871,12.37
12,1871,12.65
1,1872,12.65
2,1872,12.65
3,1872,12.84
4,1872,13.13
5,1872,13.13
6,1872,13.04
7,1872,12.84
8,1872,12.94
9,1872,13.04
10,1872,12.75
11,1872,13.13
12,1872,12.94
1,1873,12.94
2,1873,13.23
3,1873,13.23
4,1873,13.23
5,1873,12.94
6,1873,12.56
7,1873,12.56
8,1873,12.56
9,1873,12.56
10,1873,12.27
11,1873,11.89
12,1873,12.18
1,1874,12.37
2,1874,12.37
3,1874,12.37
4,1874,12.18
5,1874,12.08
6,1874,11.80
7,1874,11.89
8,1874,11.80
9,1874,11.80
10,1874,11.61
11,1874,11.51
12,1874,11.51
1,1875,11.51
2,1875,11.51
3,1875,11.51
4,1875,11.61
5,1875,11.32
6,1875,11.13
7,1875,11.13
8,1875,11.23
9,1875,11.13
10,1875,11.13
11,1875,11.04
12,1875,10.94
1,1876,10.85
2,1876,10.85
3,1876,10.85
4,1876,10.75
5,1876,10.37
6,1876,10.09
7,1876,10.09
8,1876,10.18
9,1876,10.28
10,1876,10.47
11,1876,10.56
12,1876,10.75
1,1877,10.94
2,1877,10.66
3,1877,10.18
4,1877,10.47
5,1877,10.66
6,1877,10.09
7,1877,10.18
8,1877,9.80
9,1877,9.70
10,1877,9.70
11,1877,9.51
12,1877,9.51
1,1878,9.23
2,1878,9.13
3,1878,8.94
4,1878,8.85
5,1878,8.56
6,1878,8.37
7,1878,8.47
8,1878,8.56
9,1878,8.56
10,1878,8.47
11,1878,8.37
12,1878,8.18
1,1879,8.28
2,1879,8.37
3,1879,8.28
4,1879,8.18
5,1879,8.18
6,1879,8.09
7,1879,8.18
8,1879,8.18
9,1879,8.47
10,1879,8.94
11,1879,9.42
12,1879,9.70
1,1880,9.99
2,1880,9.99
3,1880,10.09
4,1880,9.70
5,1880,9.42
6,1880,9.23
7,1880,9.23
8,1880,9.23
9,1880,9.32
10,1880,9.32
11,1880,9.42
12,1880,9.51
1,1881,9.42
2,1881,9.51
3,1881,9.51
4,1881,9.61
5,1881,9.51
6,1881,9.51
7,1881,9.61
8,1881,9.80
9,1881,10.18
10,1881,10.28
11,1881,10.18
12,1881,10.18
1,1882,10.18
2,1882,10.28
3,1882,10.28
4,1882,10.37
5,1882,10.47
6,1882,10.56
7,1882,10.47
8,1882,10.56
9,1882,10.28
10,1882,10.18
11,1882,10.09
12,1882,9.99
1,1883,9.99
2,1883,10.09
3,1883,9.99
4,1883,9.90
5,1883,9.80
6,1883,9.51
7,1883,9.32
8,1883,9.32
9,1883,9.23
10,1883,9.23
11,1883,9.13
12,1883,9.23
1,1884,9.23
2,1884,9.23
3,1884,9.23
4,1884,9.04
5,1884,8.85
6,1884,8.85
7,1884,8.75
8,1884,8.75
9,1884,8.66
10,1884,8.56
11,1884,8.37
12,1884,8.28
1,1885,8.28
2,1885,8.37
3,1885,8.18
4,1885,8.28
5,1885,8.09
6,1885,7.90
7,1885,7.99
8,1885,7.99
9,1885,7.90
10,1885,7.90
11,1885,7.99
12,1885,8.18
1,1886,7.99
2,1886,7.99
3,1886,7.90
4,1886,7.80
5,1886,7.61
6,1886,7.52
7,1886,7.61
8,1886,7.71
9,1886,7.71
10,1886,7.71
11,1886,7.71
12,1886,7.80
1,1887,7.99
2,1887,8.09
3,1887,8.09
4,1887,8.09
5,1887,8.09
6,1887,7.99
7,1887,7.90
8,1887,7.99
9,1887,7.90
10,1887,7.99
11,1887,8.09
12,1887,8.28
1,1888,8.37
2,1888,8.28
3,1888,8.28
4,1888,8.18
5,1888,8.09
6,1888,7.99
7,1888,8.09
8,1888,8.09
9,1888,8.09
10,1888,8.18
11,1888,8.28
12,1888,8.28
1,1889,7.99
2,1889,7.90
3,1889,7.80
4,1889,7.80
5,1889,7.61
6,1889,7.61
7,1889,7.61
8,1889,7.61
9,1889,7.71
10,1889,7.71
11,1889,7.71
12,1889,7.80
1,1890,7.61
2,1890,7.61
3,1890,7.61
4,1890,7.61
5,1890,7.71
6,1890,7.71
7,1890,7.71
8,1890,7.99
9,1890,8.09
10,1890,8.09
11,1890,7.90
12,1890,7.90
1,1891,7.80
2,1891,7.90
3,1891,7.99
4,1891,8.09
5,1891,7.99
6,1891,7.80
7,1891,7.71
8,1891,7.71
9,1891,7.61
10,1891,7.61
11,1891,7.52
12,1891,7.52
1,1892,7.33
2,1892,7.33
3,1892,7.14
4,1892,7.04
5,1892,7.04
6,1892,7.04
7,1892,7.23
8,1892,7.33
9,1892,7.33
10,1892,7.33
11,1892,7.52
12,1892,7.61
1,1893,7.90
2,1893,7.99
3,1893,7.80
4,1893,7.71
5,1893,7.61
6,1893,7.42
7,1893,7.23
8,1893,6.95
9,1893,7.23
10,1893,7.33
11,1893,7.14
12,1893,7.04
1,1894,6.85
2,1894,6.76
3,1894,6.57
4,1894,6.57
5,1894,6.57
6,1894,6.57
7,1894,6.57
8,1894,6.76
9,1894,6.85
10,1894,6.66
11,1894,6.66
12,1894,6.57
1,1895,6.57
2,1895,6.57
3,1895,6.57
4,1895,6.85
5,1895,6.95
6,1895,7.04
7,1895,6.95
8,1895,6.85
9,1895,6.85
10,1895,6.85
11,1895,6.85
12,1895,6.76
1,1896,6.66
2,1896,6.57
3,1896,6.57
4,1896,6.47
5,1896,6.37
6,1896,6.28
7,1896,6.28
8,1896,6.28
9,1896,6.28
10,1896,6.47
11,1896,6.66
12,1896,6.66
1,1897,6.47
2,1897,6.47
3,1897,6.47
4,1897,6.37
5,1897,6.28
6,1897,6.28
7,1897,6.28
8,1897,6.57
9,1897,6.76
10,1897,6.66
11,1897,6.66
12,1897,6.66
1,1898,6.66
2,1898,6.76
3,1898,6.76
4,1898,6.76
5,1898,7.23
6,1898,6.76
7,1898,6.66
8,1898,6.66
9,1898,6.66
10,1898,6.66
11,1898,6.66
12,1898,6.76
1,1899,6.76
2,1899,6.95
3,1899,6.95
4,1899,7.04
5,1899,7.04
6,1899,7.14
7,1899,7.23
8,1899,7.33
9,1899,7.61
10,1899,7.71
11,1899,7.80
12,1899,7.90
1,1900,7.90
2,1900,7.99
3,1900,7.99
4,1900,7.99
5,1900,7.80
6,1900,7.71
7,1900,7.80
8,1900,7.71
9,1900,7.80
10,1900,7.71
11,1900,7.71
12,1900,7.61
1,1901,7.71
2,1901,7.61
3,1901,7.61
4,1901,7.52
5,1901,7.52
6,1901,7.52
7,1901,7.61
8,1901,7.71
9,1901,7.80
10,1901,7.80
11,1901,7.90
12,1901,7.99
1,1902,7.90
2,1902,7.90
3,1902,7.90
4,1902,7.99
5,1902,8.09
6,1902,8.18
7,1902,8.18
8,1902,8.09
9,1902,8.18
10,1902,8.75
11,1902,8.47
12,1902,8.56
1,1903,8.66
2,1903,8.66
3,1903,8.37
4,1903,8.37
5,1903,8.18
6,1903,8.18
7,1903,8.18
8,1903,8.18
9,1903,8.28
10,1903,8.18
11,1903,8.09
12,1903,8.09
1,1904,8.28
2,1904,8.47
3,1904,8.37
4,1904,8.28
5,1904,8.09
6,1904,8.09
7,1904,8.09
8,1904,8.18
9,1904,8.28
10,1904,8.28
11,1904,8.47
12,1904,8.47
1,1905,8.47
2,1905,8.47
3,1905,8.37
4,1905,8.37
5,1905,8.28
6,1905,8.28
7,1905,8.28
8,1905,8.37
9,1905,8.28
10,1905,8.28
11,1905,8.37
12,1905,8.47
1,1906,8.47
2,1906,8.47
3,1906,8.47
4,1906,8.47
5,1906,8.56
6,1906,8.56
7,1906,8.28
8,1906,8.47
9,1906,8.56
10,1906,8.75
11,1906,8.85
12,1906,8.94
1,1907,8.85
2,1907,9.04
3,1907,8.94
4,1907,8.94
5,1907,9.13
6,1907,9.23
7,1907,9.23
8,1907,9.23
9,1907,9.23
10,1907,9.32
11,1907,8.94
12,1907,8.75
1,1908,8.66
2,1908,8.56
3,1908,8.56
4,1908,8.66
5,1908,8.66
6,1908,8.66
7,1908,8.75
8,1908,8.75
9,1908,8.75
10,1908,8.85
11,1908,8.94
12,1908,9.04
1,1909,8.94
2,1909,9.04
3,1909,9.04
4,1909,9.23
5,1909,9.32
6,1909,9.42
7,1909,9.42
8,1909,9.51
9,1909,9.61
10,1909,9.80
11,1909,9.90
12,1909,9.99
1,1910,9.90
2,1910,9.90
3,1910,10.09
4,1910,10.18
5,1910,9.99
6,1910,9.90
7,1910,9.90
8,1910,9.80
9,1910,9.70
10,1910,9.42
11,1910,9.23
12,1910,9.23
1,1911,9.23
2,1911,8.94
3,1911,9.04
4,1911,8.75
5,1911,8.75
6,1911,8.75
7,1911,8.85
8,1911,9.13
9,1911,9.23
10,1911,9.23
11,1911,9.13
12,1911,9.04
1,1912,9.13
2,1912,9.23
3,1912,9.42
4,1912,9.70
5,1912,9.70
6,1912,9.61
7,1912,9.61
8,1912,9.70
9,1912,9.80
10,1912,9.80
11,1912,9.80
12,1912,9.70
1,1913,9.80
2,1913,9.80
3,1913,9.80
4,1913,9.80
5,1913,9.70
6,1913,9.80
7,1913,9.90
8,1913,9.90
9,1913,10.00
10,1913,10.00
11,1913,10.10
12,1913,10.00
1,1914,10.00
2,1914,9.90
3,1914,9.90
4,1914,9.80
5,1914,9.90
6,1914,9.90
7,1914,10.00
8,1914,10.20
9,1914,10.20
10,1914,10.10
11,1914,10.20
12,1914,10.10
1,1915,10.10
2,1915,10.00
3,1915,9.90
4,1915,10.00
5,1915,10.10
6,1915,10.10
7,1915,10.10
8,1915,10.10
9,1915,10.10
10,1915,10.20
11,1915,10.30
12,1915,10.30
1,1916,10.40
2,1916,10.40
3,1916,10.50
4,1916,10.60
5,1916,10.70
6,1916,10.80
7,1916,10.80
8,1916,10.90
9,1916,11.10
10,1916,11.30
11,1916,11.50
12,1916,11.60
1,1917,11.70
2,1917,12.00
3,1917,12.00
4,1917,12.60
5,1917,12.80
6,1917,13.00
7,1917,12.80
8,1917,13.00
9,1917,13.30
10,1917,13.50
11,1917,13.50
12,1917,13.70
1,1918,14.00
2,1918,14.10
3,1918,14.00
4,1918,14.20
5,1918,14.50
6,1918,14.70
7,1918,15.10
8,1918,15.40
9,1918,15.70
10,1918,16.00
11,1918,16.30
12,1918,16.50
1,1919,16.50
2,1919,16.20
3,1919,16.40
4,1919,16.70
5,1919,16.90
6,1919,16.90
7,1919,17.40
8,1919,17.70
9,1919,17.80
10,1919,18.10
11,1919,18.50
12,1919,18.90
1,1920,19.30
2,1920,19.50
3,1920,19.70
4,1920,20.30
5,1920,20.60
6,1920,20.90
7,1920,20.80
8,1920,20.30
9,1920,20.00
10,1920,19.90
11,1920,19.80
12,1920,19.40
1,1921,19.00
2,1921,18.40
3,1921,18.30
4,1921,18.10
5,1921,17.70
6,1921,17.60
7,1921,17.70
8,1921,17.70
9,1921,17.50
10,1921,17.50
11,1921,17.40
12,1921,17.30
1,1922,16.90
2,1922,16.90
3,1922,16.70
4,1922,16.70
5,1922,16.70
6,1922,16.70
7,1922,16.80
8,1922,16.60
9,1922,16.60
10,1922,16.70
11,1922,16.80
12,1922,16.90
1,1923,16.80
2,1923,16.80
3,1923,16.80
4,1923,16.90
5,1923,16.90
6,1923,17.00
7,1923,17.20
8,1923,17.10
9,1923,17.20
10,1923,17.30
11,1923,17.30
12,1923,17.30
1,1924,17.30
2,1924,17.20
3,1924,17.10
4,1924,17.00
5,1924,17.00
6,1924,17.00
7,1924,17.10
8,1924,17.00
9,1924,17.10
10,1924,17.20
11,1924,17.20
12,1924,17.30
1,1925,17.30
2,1925,17.20
3,1925,17.30
4,1925,17.20
5,1925,17.30
6,1925,17.50
7,1925,17.70
8,1925,17.70
9,1925,17.70
10,1925,17.70
11,1925,18.00
12,1925,17.90
1,1926,17.90
2,1926,17.90
3,1926,17.80
4,1926,17.90
5,1926,17.80
6,1926,17.70
7,1926,17.50
8,1926,17.40
9,1926,17.50
10,1926,17.60
11,1926,17.70
12,1926,17.70
1,1927,17.50
2,1927,17.40
3,1927,17.30
4,1927,17.30
5,1927,17.40
6,1927,17.60
7,1927,17.30
8,1927,17.20
9,1927,17.30
10,1927,17.40
11,1927,17.30
12,1927,17.30
1,1928,17.30
2,1928,17.10
3,1928,17.10
4,1928,17.10
5,1928,17.20
6,1928,17.10
7,1928,17.10
8,1928,17.10
9,1928,17.30
10,1928,17.20
11,1928,17.20
12,1928,17.10
1,1929,17.10
2,1929,17.10
3,1929,17.00
4,1929,16.90
5,1929,17.00
6,1929,17.10
7,1929,17.30
8,1929,17.30
9,1929,17.30
10,1929,17.30
11,1929,17.30
12,1929,17.20
1,1930,17.10
2,1930,17.00
3,1930,16.90
4,1930,17.00
5,1930,16.90
6,1930,16.80
7,1930,16.60
8,1930,16.50
9,1930,16.60
10,1930,16.50
11,1930,16.40
12,1930,16.10
1,1931,15.90
2,1931,15.70
3,1931,15.60
4,1931,15.50
5,1931,15.30
6,1931,15.10
7,1931,15.10
8,1931,15.10
9,1931,15.00
10,1931,14.90
11,1931,14.70
12,1931,14.60
1,1932,14.30
2,1932,14.10
3,1932,14.00
4,1932,13.90
5,1932,13.70
6,1932,13.60
7,1932,13.60
8,1932,13.50
9,1932,13.40
10,1932,13.30
11,1932,13.20
12,1932,13.10
1,1933,12.90
2,1933,12.70
3,1933,12.60
4,1933,12.60
5,1933,12.60
6,1933,12.70
7,1933,13.10
8,1933,13.20
9,1933,13.20
10,1933,13.20
11,1933,13.20
12,1933,13.20
1,1934,13.20
2,1934,13.30
3,1934,13.30
4,1934,13.30
5,1934,13.30
6,1934,13.40
7,1934,13.40
8,1934,13.40
9,1934,13.60
10,1934,13.50
11,1934,13.50
12,1934,13.40
1,1935,13.60
2,1935,13.70
3,1935,13.70
4,1935,13.80
5,1935,13.80
6,1935,13.70
7,1935,13.70
8,1935,13.70
9,1935,13.70
10,1935,13.70
11,1935,13.80
12,1935,13.80
1,1936,13.80
2,1936,13.80
3,1936,13.70
4,1936,13.70
5,1936,13.70
6,1936,13.80
7,1936,13.90
8,1936,14.00
9,1936,14.00
10,1936,14.00
11,1936,14.00
12,1936,14.00
1,1937,14.10
2,1937,14.10
3,1937,14.20
4,1937,14.30
5,1937,14.40
6,1937,14.40
7,1937,14.50
8,1937,14.50
9,1937,14.60
10,1937,14.60
11,1937,14.50
12,1937,14.40
1,1938,14.20
2,1938,14.10
3,1938,14.10
4,1938,14.20
5,1938,14.10
6,1938,14.10
7,1938,14.10
8,1938,14.10
9,1938,14.10
10,1938,14.00
11,1938,14.00
12,1938,14.00
1,1939,14.00
2,1939,13.90
3,1939,13.90
4,1939,13.80
5,1939,13.80
6,1939,13.80
7,1939,13.80
8,1939,13.80
9,1939,14.10
10,1939,14.00
11,1939,14.00
12,1939,14.00
1,1940,13.90
2,1940,14.00
3,1940,14.00
4,1940,14.00
5,1940,14.00
6,1940,14.10
7,1940,14.00
8,1940,14.00
9,1940,14.00
10,1940,14.00
11,1940,14.00
12,1940,14.10
1,1941,14.10
2,1941,14.10
3,1941,14.20
4,1941,14.30
5,1941,14.40
6,1941,14.70
7,1941,14.70
8,1941,14.90
9,1941,15.10
10,1941,15.30
11,1941,15.40
12,1941,15.50
1,1942,15.70
2,1942,15.80
3,1942,16.00
4,1942,16.10
5,1942,16.30
6,1942,16.30
7,1942,16.40
8,1942,16.50
9,1942,16.50
10,1942,16.70
11,1942,16.80
12,1942,16.90
1,1943,16.90
2,1943,16.90
3,1943,17.20
4,1943,17.40
5,1943,17.50
6,1943,17.50
7,1943,17.40
8,1943,17.30
9,1943,17.40
10,1943,17.40
11,1943,17.40
12,1943,17.40
1,1944,17.40
2,1944,17.40
3,1944,17.40
4,1944,17.50
5,1944,17.50
6,1944,17.60
7,1944,17.70
8,1944,17.70
9,1944,17.70
10,1944,17.70
11,1944,17.70
12,1944,17.80
1,1945,17.80
2,1945,17.80
3,1945,17.80
4,1945,17.80
5,1945,17.90
6,1945,18.10
7,1945,18.10
8,1945,18.10
9,1945,18.10
10,1945,18.10
11,1945,18.10
12,1945,18.20
1,1946,18.20
2,1946,18.10
3,1946,18.30
4,1946,18.40
5,1946,18.50
6,1946,18.70
7,1946,19.80
8,1946,20.20
9,1946,20.40
10,1946,20.80
11,1946,21.30
12,1946,21.50
1,1947,21.48
2,1947,21.62
3,1947,22.00
4,1947,22.00
5,1947,21.95
6,1947,22.08
7,1947,22.23
8,1947,22.40
9,1947,22.84
10,1947,22.91
11,1947,23.06
12,1947,23.41
1,1948,23.68
2,1948,23.67
3,1948,23.50
4,1948,23.82
5,1948,24.01
6,1948,24.15
7,1948,24.40
8,1948,24.43
9,1948,24.36
10,1948,24.31
11,1948,24.16
12,1948,24.05
1,1949,24.01
2,1949,23.91
3,1949,23.91
4,1949,23.92
5,1949,23.91
6,1949,23.92
7,1949,23.70
8,1949,23.70
9,1949,23.75
10,1949,23.67
11,1949,23.70
12,1949,23.61
1,1950,23.51
2,1950,23.61
3,1950,23.64
4,1950,23.65
5,1950,23.77
6,1950,23.88
7,1950,24.07
8,1950,24.20
9,1950,24.34
10,1950,24.50
11,1950,24.60
12,1950,24.98
1,1951,25.38
2,1951,25.83
3,1951,25.88
4,1951,25.92
5,1951,25.99
6,1951,25.93
7,1951,25.91
8,1951,25.86
9,1951,26.03
10,1951,26.16
11,1951,26.32
12,1951,26.47
1,1952,26.45
2,1952,26.41
3,1952,26.39
4,1952,26.46
5,1952,26.47
6,1952,26.53
7,1952,26.68
8,1952,26.69
9,1952,26.63
10,1952,26.69
11,1952,26.69
12,1952,26.71
1,1953,26.64
2,1953,26.59
3,1953,26.63
4,1953,26.69
5,1953,26.70
6,1953,26.77
7,1953,26.79
8,1953,26.85
9,1953,26.89
10,1953,26.95
11,1953,26.85
12,1953,26.87
1,1954,26.94
2,1954,26.99
3,1954,26.93
4,1954,26.86
5,1954,26.93
6,1954,26.94
7,1954,26.86
8,1954,26.85
9,1954,26.81
10,1954,26.72
11,1954,26.78
12,1954,26.77
1,1955,26.77
2,1955,26.82
3,1955,26.79
4,1955,26.79
5,1955,26.77
6,1955,26.71
7,1955,26.76
8,1955,26.72
9,1955,26.85
10,1955,26.82
11,1955,26.88
12,1955,26.87
1,1956,26.83
2,1956,26.86
3,1956,26.89
4,1956,26.93
5,1956,27.03
6,1956,27.15
7,1956,27.29
8,1956,27.31
9,1956,27.35
10,1956,27.51
11,1956,27.51
12,1956,27.63
1,1957,27.67
2,1957,27.80
3,1957,27.86
4,1957,27.93
5,1957,28.00
6,1957,28.11
7,1957,28.19
8,1957,28.28
9,1957,28.32
10,1957,28.32
11,1957,28.41
12,1957,28.47
1,1958,28.64
2,1958,28.70
3,1958,28.87
4,1958,28.94
5,1958,28.94
6,1958,28.91
7,1958,28.89
8,1958,28.94
9,1958,28.91
10,1958,28.91
11,1958,28.95
12,1958,28.97
1,1959,29.01
2,1959,29.00
3,1959,28.97
4,1959,28.98
5,1959,29.04
6,1959,29.11
7,1959,29.15
8,1959,29.18
9,1959,29.25
10,1959,29.35
11,1959,29.35
12,1959,29.41
1,1960,29.37
2,1960,29.41
3,1960,29.41
4,1960,29.54
5,1960,29.57
6,1960,29.61
7,1960,29.55
8,1960,29.61
9,1960,29.61
10,1960,29.75
11,1960,29.78
12,1960,29.81
1,1961,29.84
2,1961,29.84
3,1961,29.84
4,1961,29.81
5,1961,29.84
6,1961,29.84
7,1961,29.92
8,1961,29.94
9,1961,29.98
10,1961,29.98
11,1961,29.98
12,1961,30.01
1,1962,30.04
2,1962,30.11
3,1962,30.17
4,1962,30.21
5,1962,30.24
6,1962,30.21
7,1962,30.22
8,1962,30.28
9,1962,30.42
10,1962,30.38
11,1962,30.38
12,1962,30.38
1,1963,30.44
2,1963,30.48
3,1963,30.51
4,1963,30.48
5,1963,30.51
6,1963,30.61
7,1963,30.69
8,1963,30.75
9,1963,30.72
10,1963,30.75
11,1963,30.78
12,1963,30.88
1,1964,30.94
2,1964,30.91
3,1964,30.94
4,1964,30.95
5,1964,30.98
6,1964,31.01
7,1964,31.02
8,1964,31.05
9,1964,31.08
10,1964,31.12
11,1964,31.21
12,1964,31.25
1,1965,31.28
2,1965,31.28
3,1965,31.31
4,1965,31.38
5,1965,31.48
6,1965,31.61
7,1965,31.58
8,1965,31.55
9,1965,31.62
10,1965,31.65
11,1965,31.75
12,1965,31.85
1,1966,31.88
2,1966,32.08
3,1966,32.18
4,1966,32.28
5,1966,32.35
6,1966,32.38
7,1966,32.45
8,1966,32.65
9,1966,32.75
10,1966,32.85
11,1966,32.88
12,1966,32.92
1,1967,32.90
2,1967,33.00
3,1967,33.00
4,1967,33.10
5,1967,33.10
6,1967,33.30
7,1967,33.40
8,1967,33.50
9,1967,33.60
10,1967,33.70
11,1967,33.90
12,1967,34.00
1,1968,34.10
2,1968,34.20
3,1968,34.30
4,1968,34.40
5,1968,34.50
6,1968,34.70
7,1968,34.90
8,1968,35.00
9,1968,35.10
10,1968,35.30
11,1968,35.40
12,1968,35.60
1,1969,35.70
2,1969,35.80
3,1969,36.10
4,1969,36.30
5,1969,36.40
6,1969,36.60
7,1969,36.80
8,1969,36.90
9,1969,37.10
10,1969,37.30
11,1969,37.50
12,1969,37.70
1,1970,37.90
2,1970,38.10
3,1970,38.30
4,1970,38.50
5,1970,38.60
6,1970,38.80
7,1970,38.90
8,1970,39.00
9,1970,39.20
10,1970,39.40
11,1970,39.60
12,1970,39.80
1,1971,39.90
2,1971,39.90
3,1971,40.00
4,1971,40.10
5,1971,40.30
6,1971,40.50
7,1971,40.60
8,1971,40.70
9,1971,40.80
10,1971,40.90
11,1971,41.00
12,1971,41.10
1,1972,41.20
2,1972,41.40
3,1972,41.40
4,1972,41.50
5,1972,41.60
6,1972,41.70
7,1972,41.80
8,1972,41.90
9,1972,42.10
10,1972,42.20
11,1972,42.40
12,1972,42.50
1,1973,42.70
2,1973,43.00
3,1973,43.40
4,1973,43.70
5,1973,43.90
6,1973,44.20
7,1973,44.20
8,1973,45.00
9,1973,45.20
10,1973,45.60
11,1973,45.90
12,1973,46.30
1,1974,46.80
2,1974,47.30
3,1974,47.80
4,1974,48.10
5,1974,48.60
6,1974,49.00
7,1974,49.30
8,1974,49.90
9,1974,50.60
10,1974,51.00
11,1974,51.50
12,1974,51.90
1,1975,52.30
2,1975,52.60
3,1975,52.80
4,1975,53.00
5,1975,53.10
6,1975,53.50
7,1975,54.00
8,1975,54.20
9,1975,54.60
10,1975,54.90
11,1975,55.30
12,1975,55.60
1,1976,55.80
2,1976,55.90
3,1976,56.00
4,1976,56.10
5,1976,56.40
6,1976,56.70
7,1976,57.00
8,1976,57.30
9,1976,57.60
10,1976,57.90
11,1976,58.10
12,1976,58.40
1,1977,58.70
2,1977,59.30
3,1977,59.60
4,1977,60.00
5,1977,60.20
6,1977,60.50
7,1977,60.80
8,1977,61.10
9,1977,61.30
10,1977,61.60
11,1977,62.00
12,1977,62.30
1,1978,62.70
2,1978,63.00
3,1978,63.40
4,1978,63.90
5,1978,64.50
6,1978,65.00
7,1978,65.50
8,1978,65.90
9,1978,66.50
10,1978,67.10
11,1978,67.50
12,1978,67.90
1,1979,68.50
2,1979,69.20
3,1979,69.90
4,1979,70.60
5,1979,71.40
6,1979,72.20
7,1979,73.00
8,1979,73.70
9,1979,74.40
10,1979,75.20
11,1979,76.00
12,1979,76.90
1,1980,78.00
2,1980,79.00
3,1980,80.10
4,1980,80.90
5,1980,81.70
6,1980,82.50
7,1980,82.60
8,1980,83.20
9,1980,83.90
10,1980,84.70
11,1980,85.60
12,1980,86.40
1,1981,87.20
2,1981,88.00
3,1981,88.60
4,1981,89.10
5,1981,89.70
6,1981,90.50
7,1981,91.50
8,1981,92.20
9,1981,93.10
10,1981,93.40
11,1981,93.80
12,1981,94.10
1,1982,94.40
2,1982,94.70
3,1982,94.70
4,1982,95.00
5,1982,95.90
6,1982,97.00
7,1982,97.50
8,1982,97.70
9,1982,97.70
10,1982,98.10
11,1982,98.00
12,1982,97.70
1,1983,97.90
2,1983,98.00
3,1983,98.10
4,1983,98.80
5,1983,99.20
6,1983,99.40
7,1983,99.80
8,1983,100.10
9,1983,100.40
10,1983,100.80
11,1983,101.10
12,1983,101.40
1,1984,102.10
2,1984,102.60
3,1984,102.90
4,1984,103.30
5,1984,103.50
6,1984,103.70
7,1984,104.10
8,1984,104.40
9,1984,104.70
10,1984,105.10
11,1984,105.30
12,1984,105.50
1,1985,105.70
2,1985,106.30
3,1985,106.80
4,1985,107.00
5,1985,107.20
6,1985,107.50
7,1985,107.70
8,1985,107.90
9,1985,108.10
10,1985,108.50
11,1985,109.00
12,1985,109.50
1,1986,109.90
2,1986,109.70
3,1986,109.10
4,1986,108.70
5,1986,109.00
6,1986,109.40
7,1986,109.50
8,1986,109.60
9,1986,110.00
10,1986,110.20
11,1986,110.40
12,1986,110.80
1,1987,111.40
2,1987,111.80
3,1987,112.20
4,1987,112.70
5,1987,113.00
6,1987,113.50
7,1987,113.80
8,1987,114.30
9,1987,114.70
10,1987,115.00
11,1987,115.40
12,1987,115.60
1,1988,116.00
2,1988,116.20
3,1988,116.50
4,1988,117.20
5,1988,117.50
6,1988,118.00
7,1988,118.50
8,1988,119.00
9,1988,119.50
10,1988,119.90
11,1988,120.30
12,1988,120.70
1,1989,121.20
2,1989,121.60
3,1989,122.20
4,1989,123.10
5,1989,123.70
6,1989,124.10
7,1989,124.50
8,1989,124.50
9,1989,124.80
10,1989,125.40
11,1989,125.90
12,1989,126.30
1,1990,127.50
2,1990,128.00
3,1990,128.60
4,1990,128.90
5,1990,129.10
6,1990,129.90
7,1990,130.50
8,1990,131.60
9,1990,132.50
10,1990,133.40
11,1990,133.70
12,1990,134.20
1,1991,134.70
2,1991,134.80
3,1991,134.80
4,1991,135.10
5,1991,135.60
6,1991,136.00
7,1991,136.20
8,1991,136.60
9,1991,137.00
10,1991,137.20
11,1991,137.80
12,1991,138.20
1,1992,138.30
2,1992,138.60
3,1992,139.10
4,1992,139.40
5,1992,139.70
6,1992,140.10
7,1992,140.50
8,1992,140.80
9,1992,141.10
10,1992,141.70
11,1992,142.10
12,1992,142.30
1,1993,142.80
2,1993,143.10
3,1993,143.30
4,1993,143.80
5,1993,144.20
6,1993,144.30
7,1993,144.50
8,1993,144.80
9,1993,145.00
10,1993,145.60
11,1993,146.00
12,1993,146.30
1,1994,146.30
2,1994,146.70
3,1994,147.10
4,1994,147.20
5,1994,147.50
6,1994,147.90
7,1994,148.40
8,1994,149.00
9,1994,149.30
10,1994,149.40
11,1994,149.80
12,1994,150.10
1,1995,150.50
2,1995,150.90
3,1995,151.20
4,1995,151.80
5,1995,152.10
6,1995,152.40
7,1995,152.60
8,1995,152.90
9,1995,153.10
10,1995,153.50
11,1995,153.70
12,1995,153.90
1,1996,154.70
2,1996,155.00
3,1996,155.50
4,1996,156.10
5,1996,156.40
6,1996,156.70
7,1996,157.00
8,1996,157.20
9,1996,157.70
10,1996,158.20
11,1996,158.70
12,1996,159.10
1,1997,159.40
2,1997,159.70
3,1997,159.80
4,1997,159.90
5,1997,159.90
6,1997,160.20
7,1997,160.40
8,1997,160.80
9,1997,161.20
10,1997,161.50
11,1997,161.70
12,1997,161.80
1,1998,162.00
2,1998,162.00
3,1998,162.00
4,1998,162.20
5,1998,162.60
6,1998,162.80
7,1998,163.20
8,1998,163.40
9,1998,163.50
10,1998,163.90
11,1998,164.10
12,1998,164.40
1,1999,164.70
2,1999,164.70
3,1999,164.80
4,1999,165.90
5,1999,166.00
6,1999,166.00
7,1999,166.70
8,1999,167.10
9,1999,167.80
10,1999,168.10
11,1999,168.40
12,1999,168.80
1,2000,169.30
2,2000,170.00
3,2000,171.00
4,2000,170.90
5,2000,171.20
6,2000,172.20
7,2000,172.70
8,2000,172.70
9,2000,173.60
10,2000,173.90
11,2000,174.20
12,2000,174.60
1,2001,175.60
2,2001,176.00
3,2001,176.10
4,2001,176.40
5,2001,177.30
6,2001,177.70
7,2001,177.40
8,2001,177.40
9,2001,178.10
10,2001,177.60
11,2001,177.50
12,2001,177.40
1,2002,177.70
2,2002,178.00
3,2002,178.50
4,2002,179.30
5,2002,179.50
6,2002,179.60
7,2002,180.00
8,2002,180.50
9,2002,180.80
10,2002,181.20
11,2002,181.50
12,2002,181.80
1,2003,182.60
2,2003,183.60
3,2003,183.90
4,2003,183.20
5,2003,182.90
6,2003,183.10
7,2003,183.70
8,2003,184.50
9,2003,185.10
10,2003,184.90
11,2003,185.00
12,2003,185.50
1,2004,186.30
2,2004,186.70
3,2004,187.10
4,2004,187.40
5,2004,188.20
6,2004,188.90
7,2004,189.10
8,2004,189.20
9,2004,189.80
10,2004,190.80
11,2004,191.70
12,2004,191.70
1,2005,191.60
2,2005,192.40
3,2005,193.10
4,2005,193.70
5,2005,193.60
6,2005,193.70
7,2005,194.90
8,2005,196.10
9,2005,198.80
10,2005,199.10
11,2005,198.10
12,2005,198.10
1,2006,199.30
2,2006,199.40
3,2006,199.70
4,2006,200.70
5,2006,201.30
6,2006,201.80
7,2006,202.90
8,2006,203.80
9,2006,202.80
10,2006,201.90
11,2006,202.00
12,2006,203.10
1,2007,203.44
2,2007,204.23
3,2007,205.29
4,2007,205.90
5,2007,206.76
6,2007,207.23
7,2007,207.60
8,2007,207.67
9,2007,208.55
10,2007,209.19
11,2007,210.83
12,2007,211.45
1,2008,212.17
2,2008,212.69
3,2008,213.45
4,2008,213.94
5,2008,215.21
6,2008,217.46
7,2008,219.02
8,2008,218.69
9,2008,218.88
10,2008,217.00
11,2008,213.15
12,2008,211.40
1,2009,211.93
2,2009,212.71
3,2009,212.50
4,2009,212.71
5,2009,213.02
6,2009,214.79
7,2009,214.73
8,2009,215.45
9,2009,215.86
10,2009,216.51
11,2009,217.23
12,2009,217.35
1,2010,217.49
2,2010,217.28
3,2010,217.35
4,2010,217.40
5,2010,217.29
6,2010,217.20
7,2010,217.61
8,2010,217.92
9,2010,218.28
10,2010,219.04
11,2010,219.59
12,2010,220.47
1,2011,221.19
2,2011,221.90
3,2011,223.05
4,2011,224.09
5,2011,224.81
6,2011,224.81
7,2011,225.40
8,2011,226.11
9,2011,226.60
10,2011,226.75
11,2011,227.17
12,2011,227.22
1,2012,227.84
2,2012,228.33
3,2012,228.81
4,2012,229.19
5,2012,228.71
6,2012,228.52
7,2012,228.59
8,2012,229.92
9,2012,231.02
10,2012,231.64
11,2012,231.25
12,2012,231.22
1,2013,231.68
2,2013,232.94
3,2013,232.28
4,2013,231.80
5,2013,231.89
6,2013,232.45
7,2013,232.90
8,2013,233.46
9,2013,233.54
10,2013,233.67
11,2013,234.10
12,2013,234.72
1,2014,235.29
2,2014,235.55
3,2014,236.03
4,2014,236.47
5,2014,236.92
6,2014,237.23
7,2014,237.50
8,2014,237.46
9,2014,237.48
10,2014,237.43
11,2014,236.98
12,2014,236.25
1,2015,234.72
2,2015,235.24
3,2015,236.01
4,2015,236.16
5,2015,236.97
6,2015,237.68
7,2015,238.05
8,2015,238.03
9,2015,237.51
10,2015,237.78
11,2015,238.02
12,2015,237.82
1,2016,237.83
2,2016,237.47
3,2016,238.04
4,2016,238.83
5,2016,239.46
6,2016,240.17
7,2016,240.15
8,2016,240.60
9,2016,241.05
10,2016,241.69
11,2016,242.03
12,2016,242.77
1,2017,243.78
2,2017,243.96
3,2017,243.75
4,2017,244.05
5,2017,243.96
6,2017,244.18
7,2017,244.39
8,2017,245.30
9,2017,246.42
10,2017,246.59
11,2017,247.332
12,2017,247.901
1,2018,248.884
2,2018,249.369
3,2018,249.498
4,2018,249.956
5,2018,250.646
6,2018,251.134
7,2018,251.597
8,2018,251.879
9,2018,252.01
10,2018,252.794
11,2018,252.76
12,2018,252.723
1,2019,252.673
2,2019,253.113
3,2019,254.148
4,2019,254.958
5,2019,255.167
6,2019,255.402
7,2019,256.087
8,2019,256.294
9,2019,256.593
10,2019,257.229
11,2019,257.824
12,2019,258.444
1,2020,258.820
2,2020,259.050
3,2020,257.953
4,2020,255.902
5,2020,255.768
6,2020,257.214
7,2020,258.723
8,2020,259.681
9,2020,260.209
10,2020,260.209
11,2020,260.729
12,2020,261.250
